Title,Author,Exclusive Shelf
Hra o trůny,George R.R. Martin,read
Střet králů,George R.R. Martin,read
Bouře mečů,George R.R. Martin,read
Hostina pro vrány,George R.R. Martin,read
Tanec s draky,George R.R. Martin,read
Rytíř sedmi království,George R.R. Martin,read
Píseň krve,Anthony Ryan,read
Pán věže,Anthony Ryan,read
Královna ohně,Anthony Ryan,read
Volání vlka,Anthony Ryan,read
Černá píseň,Anthony Ryan,read
Písně temnoty,Anthony Ryan,read
Vyvrhel,Anthony Ryan,read
Mučedník,Anthony Ryan,read
Poslední přání,Andrzej Sapkowski,read
Meč osudu,Andrzej Sapkowski,read
Krev elfů,Andrzej Sapkowski,read
Čas opovržení,Andrzej Sapkowski,read
Křest ohněm,Andrzej Sapkowski,read
Věž vlaštovky,Andrzej Sapkowski,read
Paní jezera,Andrzej Sapkowski,read
Bouřková sezóna,Andrzej Sapkowski,read
Rozcestí krkavců,Andrzej Sapkowski,read
Pán prstenů,J.R.R. Tolkien,read
Dvě věže,J.R.R. Tolkien,read
Návrat krále,J.R.R. Tolkien,read
Hobit,J.R.R. Tolkien,read
Pán prstenů,J.R.R. Tolkien,read
Hobit,J.R.R. Tolkien,read
Barva kouzel,Terry Pratchett,read
Lehké fantastično,Terry Pratchett,read
Equal Rites,Terry Pratchett,read
Sourcery,Terry Pratchett,read
Soudné sestry,Terry Pratchett,read
Mort,Terry Pratchett,read
Moc,John Gwynne,read
Stopařův průvodce galaxií 1,Douglas Adams,read
Stopařův průvodce galaxií 2,Douglas Adams,read
Harry Potter a Kámen mudrců,J.K. Rowlingova,read
Harry Potter a Tajemná komnata,J.K. Rowlingova,read
Harry Potter a vězeň z Azkabanu,J.K. Rowlingova,read
Harry Potter a Ohnivý pohár,J.K. Rowlingova,read
Harry Potter a Fénixův řád,J.K. Rowlingova,read
Harry Potter a princ dvojí krve,J.K. Rowlingova,read
Harry Potter a relikvie smrti,J.K. Rowlingova,read
Mistborn,Brandon Sanderson,read
Mistborn: Pramen povýšení,Brandon Sanderson,read
Mistborn: Hrdina věků,Brandon Sanderson,read
Osamělý vlk,Jo Nesbo,read
Žárlivost a jiné povídky,Jo Nesbo,read
Krysí ostrov a jiné povídky,Jo Nesbo,read
Království,Jo Nesbo,read
Král,Jo Nesbo,read
Lovci hlav,Jo Nesbo,read
Netopýr,Jo Nesbo,read
Švábi,Jo Nesbo,read
Červenka,Jo Nesbo,read
Nemesis,Jo Nesbo,read
Pentagram,Jo Nesbo,read
Spasitel,Jo Nesbo,read
Sněhulák,Jo Nesbo,read
Levhart,Jo Nesbo,read
Přízrak,Jo Nesbo,read
Policie,Jo Nesbo,read
Policie,Jo Nesbo,read
Žízeň,Jo Nesbo,read
Nůž,Jo Nesbo,read
Zatmění,Jo Nesbo,read
Macbeth,Jo Nesbo,read
Syn,Jo Nesbo,read
Žena v kleci,Jussi Adler-Olsen,read
Zabijáci,Jussi Adler-Olsen,read
Plavec,Joakim Zander,read
"Muži, kteří nenávidí ženy",Stieg Larsson,read
"Dívka, která si hrála s ohněm",Stieg Larsson,read
"Dívka, která kopla do vosího hnízda",Stieg Larsson,read
Andělé a démoni,Dan Brown,read
Osvícení,Stephen King,read
Příběhy Sherlocka Holmese,Sir Arthur Conan Doyle,read
Poslední poklona Sherlocka Holmese,Sir Arthur Conan Doyle,read
Návrat Sherlocka Holmese,Sir Arthur Conan Doyle,read
Další příběhy Sherlocka Holmese,Sir Arthur Conan Doyle,read
Jiskra života,Erich Maria Remarque,read
Stanice na obzoru,Erich Maria Remarque,read
Noc v Lisabonu,Erich Maria Remarque,read
Hovory k sobě,Marcus Aurelius Antonius,read
Fiesta,Ernest Hemingway,read
Stařec a moře,Ernest Hemingway,read
Směšné lásky,Milan Kundera,read
Život je jinde,Milan Kundera,read
Nevědění,Milan Kundera,read
Slavnost bezvýznamnosti,Milan Kundera,read
Valčík na rozloučenou,Milan Kundera,read
Nesnesitelná lehkost bytí,Milan Kundera,read
Žert,Milan Kundera,read
The Godfather,Mario Puzo,read
Revizor,N.V. Gogol,read
V lese visí anděl,Samuel Bjork,read
Sanctus,Simon Toyne,read
Ostře sledované vlaky,Bohumil Hrabal,read
Nebeští jezdci,Filip Jansky,read
Povídky malostranské,Jan Neruda,read
Černý jestřáb sestřelen,Mark Bowden,read
Poslední akce: Zabití Usámy bin Ládina,Mark Bowden,read
Tahle země není pro starý,Cormac McCarthy,read
Opuštěná společnost,Erik Tabery,read
1984,George Orwell,read
Rozpojené státy,Martin Reznicek,read
Muž jménem Ove,Frederik Backman,read
Úzkostní lidé,Frederik Backman,read
Jak vyhrávat v šachu,Levy Rozman,read
Americký sniper,Chris Kyle,read
Ílias,Homer,read
Markéta Lazarová,Vladislav Vancura,read
Rozmarné léto,Vladislav Vancura,read
127 hodin,Aron Ralston,read
Drama na lovu,A.P. Cechov,read
Noc nekryje uprchlíky,Paul Brickhill,read
Lakomec,Moliere,read
Attila,John Man,read
Ocelové město,Jules Verne,read
Dvacet tisíc mil pod mořem,Jules Verne,read
Tajuplný ostrov,Jules Verne,read
Plující město,Jules Verne,read
Los číslo 9672,Jules Verne,read
Zeď,Jean Paul Sartre,read
Nevolnost,Jean Paul Sartre,read
Sto roků samoty,Gabriel Garcia Marquez,read
Bylo nás pět,Karel Polacek,read
O myších a lidech,John Steinback,read
Osudová past,Graham Allison,read
100x TGM,Pavel Kosatik,read
Severská mytologie,Neil Gaiman,read
Proč spíme,Matthew Walker,read
The 5 Love Languages,Gary Chapman,read
Maus,Spielgelman,read
Utrpení mladého Werthera,Johann Wolfgang Goethe,read
Zločin a trest,F.M. Dostojevskij,read
Zápisky z mrtvého domu,F.M. Dostojevskij,read
Staré pověsti české,Alois Jirasek,read
Jak umírá demokracie,Steven Levitsky,read
Místnost,Jonas Karlsson,read
Faktura,Jonas Karlsson,read
Vladař,Niccolo Machiavelli,read
Rudý Zeman,Jaroslav Kmenta,read
Rudý Zeman,Jaroslav Kmenta,read
Rudý Zeman,Jaroslav Kmenta,read
Cizinec,Albert Camus,read
Atomové návyky,James Clear,read
Dech,James Nestor,read
Ledový muž,Wim Hof,read
Cesta ledového muže,Wim Hof,read
V zemi babisismu a buranokracie,Bohumil Dolezal,read
Čtyři dohody,Don Miguel Ruiz,read
Babička,Bozena Nemcova,read
Zbabělci,Josef Skvorecky,read
Kralevic Danský,William Shakespeare,read
Jak zaujmout hned napoprvé,Chip Heath,read
Kytice,Karel Jaromir Erben,read
Proměna a jiné povídky,Franz Kafka,read
Zámek,Franz Kafka,read
Proces,Franz Kafka,read
Hovory s T.G. Masarykem,Karel Capek,read
Povídky z jedné kapsy,Karel Capek,read
Povídky z druhé kapsy,Karel Capek,read
Bílá nemoc,Karel Capek,read
Jeden den Ivana Děnisoviče,Alexandr Solzenicyn,read
Donbas,Tomas Forro,read
Zahradní slavnost,Vaclav Havel,read
Odcházení,Vaclav Havel,read
Spánek,Haruki Murakami,read
Kafka na pobřeží,Haruki Murakami,read
"Na jih od hranic, na západ od slunce",Haruki Murakami,read
Bezbarvý Tsukuru Tazaki a jeho léta putování,Haruki Murakami,read
Norské dřevo,Haruki Murakami,read
Gaidzin,James Clavel,read
Král krysa,James Clavel,read
Tchaj-pan,James Clavel,read
Šógun,James Clavel,read
Čirá anarchie,Woody Allen,read
Nikola Šuhaj loupežník,Ivan Olbracht,read
Pražský hřbitov,Umberto Eco,read
Hovory s Janem Masarykem,Viktor Fischl,read
Smrt krásných srnců,Ota Pavel,read
Osudy dobrého vojáka Švejka 1,Jaroslav Hasek,read
Křest sv. Vladimíra,Karel Havlicek Borovsky,read
"Muž, který chtěl být šťastný",Laurent Gounelle,read
Zaklínač: Prokletí vran,Paul Tobin,read
Zaklínač: Skleněný dům,Paul Tobin,read
Zaklínač: Z masa a ohně,Aleksandra Motykova,read
Zaklínač: Liščí děti,Paul Tobin,read
Zaklínač: Blednoučí vzpomínky,Bartosz Sztybor,read
Biblické příběhy,Ivan Olbracht,read
Článek II.,Jiri Simacek,read
Cesta k nesvobodě,Timothy Snyder,read
Tyranie,Timothy Snyder,read
Máj a jiné básně,Karel Hynek Macha,read
Umění prostého života,Shunmyo Masuno,read
Jste nuly,Hugleikur Dagsson,read
Muzikant,Zavis,read
The Midnight Library,Matt Haig,read
