Book Id,Title,Author,Author l-f,Additional Authors,ISBN,ISBN13,My Rating,Publisher,Binding,Number of Pages,Year Published,Original Publication Year,Date Read,Date Added,Bookshelves,Bookshelves with positions,Exclusive Shelf,My Review,Spoiler,Private Notes,Read Count,Owned Copies
2246644,Modrá rokle,Jaroslav Foglar,"Foglar, Jaroslav",,"=""8070333715""","=""9788070333716""",0,Olympia,Hardcover,174,1995,,,2026/05/10,,,read,,,,1,0
10782212,Hoši od Bobří řeky,Jaroslav Foglar,"Foglar, Jaroslav",,"=""""","=""""",0,Olympia,,195,2005,1937,,2026/05/10,,,read,,,,1,0
2246646,"Tajemství Velkého Vonta (Stínadelská trilogie, #3)",Jaroslav Foglar,"Foglar, Jaroslav",,"=""8070331615""","=""9788070331613""",0,Olympia,Hardcover,205,1991,1991,,2026/05/10,,,read,,,,1,0
12498396,"Stínadla se bouří (Stínadelská trilogie, #2)",Jaroslav Foglar,"Foglar, Jaroslav",,"=""8070333723""","=""9788070333723""",0,Olympia,Hardcover,190,1995,1970,,2026/05/10,,,read,,,,1,0
4389347,"Záhada hlavolamu (Stínadelská trilogie, #1)",Jaroslav Foglar,"Foglar, Jaroslav",,"=""8070334932""","=""""",0,Olympia,Hardcover,190,1999,1941,,2026/05/10,,,read,,,,1,0
944073,"The Blade Itself (The First Law, #1)",Joe Abercrombie,"Abercrombie, Joe",,"=""0575079797""","=""9780575079793""",0,Gollancz,Paperback,515,2007,2006,,2026/05/10,to-read,to-read (#3),to-read,,,,0,0
13107402,"Osudy dobrého vojáka Švejka za světové války, 1. díl – V zázemí (Osudy dobrého vojáka Švejka za světové války #1)",Jaroslav Hašek,"Hašek, Jaroslav",,"=""""","=""""",3,Práce,Paperback,187,1951,1921,2026/02/17,2026/05/10,,,read,,,,1,0
9578671,Šógun,James Clavell,"Clavell, James",Jarmila Emmerová,"=""8024224488""","=""9788024224480""",0,Knižní klub,Hardcover,983,2009,1975,,2026/05/10,,,read,,,,1,0
35836686,Tchaj-pan,James Clavell,"Clavell, James",,"=""8072026887""","=""9788072026883""",0,IKAR,Hardcover,606,2000,1966,,2026/05/10,,,read,,,,1,0
8254212,Král Krysa,James Clavell,"Clavell, James","Karel Kyncl, Jiřina Kynclová","=""8024209306""","=""9788024209302""",0,Knižní klub,Hardcover,319,2003,1962,,2026/05/10,,,read,,,,1,0
23013121,Syn,Jo Nesbø,"Nesbø, Jo",,"=""8055140618""","=""9788055140612""",5,Ikar,Hardcover,456,2014,2014,2026/02/18,2026/05/10,,,read,,,,1,0
231103342,"Rozcestí krkavců (Zaklínač, #0.1)",Andrzej Sapkowski,"Sapkowski, Andrzej",Stanislav Komárek,"=""8074770885""","=""9788074770883""",5,Leonardo,Paperback,280,2025,2024,2026/01/30,2026/05/10,,,read,,,,1,0
178094404,"Písně temnoty (Stín Krkavce, #0.5, #0.7, #1.5, #3.5)",Anthony Ryan,"Ryan, Anthony",,"=""8027515777""","=""9788027515776""",4,Host,Paperback,340,2023,2020,2026/02/21,2026/05/10,,,read,,,,1,0
25100078,Bezbarvý Cukuru Tazaki a jeho léta putování,Haruki Murakami,"Murakami, Haruki",Tomáš Jurkovič,"=""8020716157""","=""9788020716156""",4,Odeon,Hardcover,280,2015,2013,2026/01/16,2026/05/10,,,read,,,,1,0
19317878,Spánek,Haruki Murakami,"Murakami, Haruki","Kat Menschik, Tomáš Jurkovič","=""8020715363""","=""9788020715364""",0,Odeon,,80,2013,1987,,2026/05/10,,,read,,,,1,0
17306574,Netopýr (Harry Hole #1),Jo Nesbø,"Nesbø, Jo","Kateřina Krištůfková, Lucie Mrázová","=""8087497694""","=""9788087497692""",0,Kniha Zlín,Hardcover,398,2013,1997,,2026/05/10,,,read,,,,1,0
58693896,Žárlivost a jiné povídky,Jo Nesbø,"Nesbø, Jo",,"=""""","=""""",0,,Unknown Binding,224,2021,2021,,2026/05/10,,,read,,,,1,0
12875478,Pražský hřbitov,Umberto Eco,"Eco, Umberto",Jiří Pelán,"=""8025704874""","=""9788025704875""",0,Argo,Hardcover,472,2011,2010,,2026/05/10,,,read,,,,1,0
7816029,Čirá anarchie,Woody Allen,"Allen, Woody",,"=""807203913X""","=""9788072039135""",0,Argo,Hardcover,0,2007,2007,,2026/05/10,,,read,,,,1,0
237491,Attila the Hun,John Man,"Man, John",Attila the Hun,"=""0553816586""","=""9780553816587""",0,Bantam,Paperback,400,2006,2005,,2026/05/10,,,read,,,Read in CZ language,1,0
33952851,Macbeth,Jo Nesbø,"Nesbø, Jo",Don Bartlett,"=""1781090262""","=""9781781090268""",0,Random House UK,Paperback,512,2018,2018,,2026/05/10,,,read,,,,1,0
7829018,Staré pověsti české,Alois Jirásek,"Jirásek, Alois",,"=""""","=""""",0,J. Otto - Ottovo nakladatelství,Hardcover,254,1999,1894,,2026/05/10,,,read,,,,1,0
61752212,Plující město,Jules Verne,"Verne, Jules",Vítězslav Unzeitig,"=""8027704987""","=""9788027704989""",0,Edice Knihy Omega,Hardcover,248,2022,1871,,2026/05/10,,,read,,,,1,0
12529128,Povídky malostranské,Jan Neruda,"Neruda, Jan",,"=""""","=""""",0,Statní nakladatelství dětské knihy,Hardcover,284,1960,1878,,2026/05/10,,,read,,,,1,0
3045163,Markéta Lazarová,Vladislav Vančura,"Vančura, Vladislav",Václav Sivko,"=""""","=""""",0,Československý spisovatel,Hardcover,240,1980,1931,,2026/05/10,,,read,,,,1,0
1478958,The Grandmother (Babička),Božena Němcová,"Němcová, Božena","Frances Gregor, Karel Hruška","=""8072530720""","=""9788072530724""",0,Vitalis,Paperback,334,2006,1855,,2026/05/10,,,read,,,Read in CZ language,1,0
52159022,Křest sv. Vladimíra,Karel Havlíček Borovský,"Borovský, Karel Havlíček",,"=""""","=""""",0,Vaněk a Votava,Paperback,63,1920,,,2026/05/10,,,read,,,,1,0
10422851,Nikola Šuhaj loupežník,Ivan Olbracht,"Olbracht, Ivan",,"=""807287103X""","=""9788072871032""",0,,,185,2005,1933,,2026/05/10,,,read,,,,1,0
10145158,Rozmarné léto,Vladislav Vančura,"Vančura, Vladislav",,"=""""","=""""",0,Karolinum,,162,2007,1926,,2026/05/10,,,read,,,,1,0
58867325,Máj a jiné básně a prózy,Karel Hynek Mácha,"Mácha, Karel Hynek",,"=""""","=""""",0,Mladá fronta,Hardcover,176,1986,,,2026/05/10,,,read,,,,1,0
54966011,V zemi babišismu a buranokracie: Rozvrat české demokratické politiky v letech 2013-2020,Bohumil Dolezal,"Dolezal, Bohumil",,"=""""","=""""",0,FORUM 24 a spolek Free Czech Media,Paperback,239,2020,,,2026/05/10,,,read,,,,1,0
6717805,Biblické příběhy,Ivan Olbracht,"Olbracht, Ivan",,"=""8000018802""","=""9788000018805""",0,Albatros,Hardcover,118,2007,2007,,2026/05/10,,,read,,,,1,0
12961965,Lovci hlav,Jo Nesbø,"Nesbø, Jo",Kateřina Krištůfková,"=""8087497503""","=""9788087497500""",0,Kniha Zlín,Hardcover,252,2011,2008,,2026/05/10,,,read,,,,1,0
126019646,Fiesta : Ernest Hemingway (Spanish Edition),Ernest Hemingway,"Hemingway, Ernest",,"=""""","=""""",0,,Kindle Edition,297,2022,1926,,2026/05/10,,,read,,,,1,0
17910784,"Švábi (Harry Hole, #2)",Jo Nesbø,"Nesbø, Jo","Kateřina Krištůfková, Lucie Mrázová","=""8074730840""","=""9788074730849""",0,Kniha Zlín,Hardcover,392,2013,1998,,2026/05/10,,,read,,,,1,0
6281911,Odcházení,Václav Havel,"Havel, Václav",,"=""8090376606""","=""9788090376601""",0, Respekt Publishing a.s.,Paperback,90,2007,2007,,2026/05/10,,,read,,,,1,0
30519710,"Královna ohně (Stín krkavce, #3)",Anthony Ryan,"Ryan, Anthony","Jakub Kalina, Lucie Zajíčková","=""8074916073""","=""9788074916076""",0,Host,Hardcover,680,2016,2015,,2026/05/10,,,read,,,,1,0
750259,Ostře sledované vlaky,Bohumil Hrabal,"Hrabal, Bohumil",,"=""8086013960""","=""9788086013961""",0,Maťa,Hardcover,60,2002,1965,,2026/05/10,,,read,,,,1,0
60450334,Wim Hof: Cesta Ledového muže,Wim Hof,"Hof, Wim","Koen de Jong, Jakub Futera","=""8075659058""","=""9788075659057""",0,JOTA,Hardcover,181,2021,2015,,2026/05/10,,,read,,,,1,0
36173371,Utrpení mladého Werthera,Johann Wolfgang von Goethe,"Goethe, Johann Wolfgang von",Jana Zoubková,"=""8020717668""","=""9788020717665""",0,Odeon,Hardcover,146,2017,1774,,2026/05/10,,,read,,,,1,0
62039523,Krysí ostrov a jiné povídky,Jo Nesbø,"Nesbø, Jo",Kateřina Krištůfková,"=""8076623642""","=""9788076623644""",0,Kniha Zlín,Hardcover,296,2022,2021,,2026/05/10,,,read,,,,1,0
48706115,Jste nuly,Hugleikur Dagsson,"Dagsson, Hugleikur",,"=""807511471X""","=""9788075114716""",0,Volvox Globator,Hardcover,232,2019,2014,,2026/05/10,,,read,,,,1,0
58894077,"Zaklínač, Kniha 5: Blednoucí vzpomínky",Bartosz Sztybor,"Sztybor, Bartosz",,"=""807679028X""","=""9788076790285""",0,Crew,Paperback,108,2021,2021,,2026/05/10,,,read,,,,1,0
7570795,Ocelové město,Jules Verne,"Verne, Jules",,"=""""","=""""",0,Albatros,Hardcover,142,1989,1879,,2026/05/10,,,read,,,,1,0
25400879,Faktura,Jonas Karlsson,"Karlsson, Jonas",Martina Kašparová,"=""8074733459""","=""9788074733451""",0,Kniha Zlín,Hardcover,132,2015,2011,,2026/05/10,,,read,,,,1,0
24370408,Místnost,Jonas Karlsson,"Karlsson, Jonas",Linda Kaprová,"=""8074732800""","=""9788074732805""",0,Kniha Zlín,Hardcover,114,2015,2014,,2026/05/10,,,read,,,,1,0
25083761,Plavec,Joakim Zander,"Zander, Joakim",Luisa Robovská,"=""8074912469""","=""9788074912467""",0,Host,Hardcover,383,2015,2013,,2026/05/10,,,read,,,,1,0
17453231,Zahradní slavnost,Václav Havel,"Havel, Václav",,"=""""","=""""",0,Orbis,Paperback,79,1964,1964,,2026/05/10,,,read,,,,1,0
4796846,Bylo nás pět,Karel Poláček,"Poláček, Karel",Václav Rytina,"=""8000018845""","=""""",0,Albatros,Hardcover,190,2008,1946,,2026/05/10,,,read,,,,1,0
19093075,"Ticket No. ""9672""",Jules Verne,"Verne, Jules",,"=""""","=""""",0,,Kindle Edition,164,2012,1885,,2026/05/10,,,read,,,Read in CZ language,1,0
7112603,Lakomec,Molière,"Molière, Molière",Vladimír  Mikeš,"=""""","=""9788087128022""",0,Artur,Paperback,88,2008,1668,,2026/05/10,,,read,,,,1,0
55898552,Wim Hof: Ledový muž,Wim Hof,"Hof, Wim",,"=""8075657780""","=""9788075657787""",0,Jota,Hardcover,232,2020,2020,,2026/05/10,,,read,,,,1,0
16042549,Stařec a moře,Ernest Hemingway,"Hemingway, Ernest",,"=""""","=""""",0,F341,Unknown Binding,176,,1952,,2026/05/10,,,read,,,,1,0
36109003,"Zaklínač, Kniha 3: Prokletí vran",Paul Tobin,"Tobin, Paul","Piotr Kowalski, Martina D. Antonín","=""""","=""9788074494505""",0,Crew,Paperback,128,2017,2017,,2026/05/10,,,read,,,,1,0
50147416,"Zaklínač, Kniha 4: Z masa a ohně",Aleksandra Motyka,"Motyka, Aleksandra",,"=""8074497410""","=""9788074497414""",0,Crew,Paperback,108,2019,2019,,2026/05/10,,,read,,,,1,0
9580144,"Sanctus (Sancti Trilogy, #1)",Simon Toyne,"Toyne, Simon",,"=""0007391552""","=""9780007391554""",0,Harper,Hardcover,486,2011,2011,,2026/05/10,,,read,,,,1,0
28421370,127 hodin,Aron Ralston,"Ralston, Aron",,"=""""","=""""",0,Jota,Hardcover,456,2011,2004,,2026/05/10,,,read,,,,1,0
7814885,"Na jih od hranic, na západ od slunce",Haruki Murakami,"Murakami, Haruki",Tomáš Jurkovič,"=""""","=""9788020711571""",0,Odeon,Hardcover,174,2008,1992,,2026/05/10,,,read,,,,1,0
15811149,The Finish: The Killing of Osama Bin Laden,Mark Bowden,"Bowden, Mark",,"=""0802120342""","=""9780802120342""",0,Atlantic Monthly Press,Hardcover,266,2012,2012,,2026/05/10,,,read,,,Read in CZ language,1,0
8486974,Valčík na rozloučenou,Milan Kundera,"Kundera, Milan",,"=""""","=""""",0,Atlantis,Hardcover,246,1997,1972,,2026/05/10,,,read,,,,1,0
50073979,Umění prostého života,Shunmyō Masuno,"Masuno, Shunmyō",Marta Jüttnerová,"=""8075655508""","=""9788075655509""",0,"Nakladatelství JOTA, s.r.o.",Hardcover,223,2019,2009,,2026/05/10,,,read,,,,1,0
608474,"The Sign of Four (Sherlock Holmes, #2)",Arthur Conan Doyle,"Doyle, Arthur Conan",Peter Ackroyd,"=""""","=""""",0,Penguin Classics,Paperback,129,2001,1890,,2026/05/10,,,read,,,Read in cz language,1,0
15547781,Dvacet tisíc mil pod mořem,Jules Verne,"Verne, Jules","Václav Netušil, Alphonse de Neuville","=""""","=""""",0,Albatros,Hardcover,354,1976,1869,,2026/05/10,,,read,,,,1,0
13636263,"Zabijáci (Carl Mørck, #2)",Jussi Adler-Olsen,"Adler-Olsen, Jussi",Kristina Václavů,"=""8072946323""","=""9788072946327""",0,HOST Brno,Hardcover,432,2012,2008,,2026/05/10,,,read,,,,1,0
55877518,Království,Jo Nesbø,"Nesbø, Jo",,"=""8076620686""","=""9788076620681""",5,Kniha Zlín,,597,2020,2020,2026/01/04,2026/05/10,,,read,,,,1,0
11322308,Muž který chtěl být šťastný,Laurent Gounelle,"Gounelle, Laurent",Aleš Burget,"=""""","=""9788087067901""",5,Rybka Publishers,Hardcover,148,2008,2008,2026/04/05,2026/05/10,,,read,,,,1,0
10693567,Vladař,Niccolò Machiavelli,"Machiavelli, Niccolò",Josef Hajný,"=""8087021738""","=""9788087021736""",4,XYZ,Hardcover,204,2007,1532,2026/02/04,2026/05/10,,,read,,,,1,0
59545798,Nevědění,Milan Kundera,"Kundera, Milan",,"=""8071083771""","=""9788071083771""",3,Nakladatelství Atlantis,Hardcover,152,2021,2000,2026/03/14,2026/05/10,,,read,,,,1,0
7631108,Směšné lásky,Milan Kundera,"Kundera, Milan",,"=""8071082031""","=""9788071082033""",5,Atlantis,Hardcover,206,1991,1963,2026/03/09,2026/05/10,,,read,,,,1,0
24661899,Stanice na obzoru,Erich Maria Remarque,"Remarque, Erich Maria",Zlata Kufnerová,"=""8072025228""","=""9788072025220""",0,Ikar,Hardcover,192,1999,1928,,2026/05/10,,,read,,,,0,0
55152747,Slavnost bezvýznamnosti,Milan Kundera,"Kundera, Milan",Anna Kareninová,"=""8071083755""","=""9788071083757""",3,Atlantis,Hardcover,120,2020,2013,2026/03/03,2026/05/10,,,read,,,,1,0
16068608,"Hrdina věků (Mistborn, #3)",Brandon Sanderson,"Sanderson, Brandon",Milena Poláčková,"=""8071973785""","=""9788071973782""",5,Talpress,Paperback,676,2010,2008,2026/04/29,2026/05/10,,,read,,,,1,0
13380705,"Mistborn: Finální říše (Mistborn, #1)",Brandon Sanderson,"Sanderson, Brandon",Milena Poláčková,"=""8071973319""","=""9788071973317""",5,Talpress,Paperback,592,2008,2006,2026/04/19,2026/05/10,,,read,,,,1,0
198850022,How to Win at Chess: The Ultimate Guide for Beginners and Beyond,Levy Rozman,"Rozman, Levy",,"=""1984862073""","=""9781984862075""",4,Ten Speed Press,Hardcover,261,2023,2023,2026/03/29,2026/05/10,,,read,,,Read in CZ language,1,0
228626966,Pramen Povýšení,Brandon Sanderson,"Sanderson, Brandon",Milena Poláčková,"=""8071978531""","=""9788071978534""",5,Talpress,Paperback,676,2024,2007,2026/04/09,2026/05/10,,,read,,,,1,0
220952160,"Mučedník (Úmluva oceli, #2)",Anthony Ryan,"Ryan, Anthony",Tomáš Jeník,"=""8027521939""","=""9788027521937""",5,Host,Hardcover,592,2024,2022,2026/03/20,2026/05/10,,,read,,,,1,0
17376405,Hovory k sobě,Marcus Aurelius,"Aurelius, Marcus","Rudolf Kuthan, Ludvík Svoboda","=""8086410633""","=""9788086410630""",4,Svoboda,Hardcover,195,1969,180,2026/03/20,2026/05/10,,,read,,,,1,0
17185619,Čtyři dohody,Miguel Ruiz,"Ruiz, Miguel","Nicholas Wilton, Viktor Faktor","=""8073493233""","=""9788073493233""",4,Pragma,Paperback,176,2013,1997,2026/04/17,2026/05/10,,,read,,,,1,0
105740966,"Moc (Věrní a padlí, #1)",John Gwynne,"Gwynne, John",Pavel Černovský,"=""8027515769""","=""9788027515769""",5,Host,Hardcover,663,2023,2012,2026/03/14,2026/05/10,,,read,,,,1,0
199329060,"Vyvrhel (Úmluva oceli, #1)",Anthony Ryan,"Ryan, Anthony",Tomáš Jeník,"=""8027517753""","=""9788027517756""",5,Host,Paperback,632,2023,2021,2026/02/27,2026/05/10,,,read,,,,1,0
51486678,Úzkosti a jejich lidé,Fredrik Backman,"Backman, Fredrik",Helena Matocha,"=""""","=""""",4,Host,Hardcover,360,2020,2019,2026/04/25,2026/05/10,,,read,,,,1,0
6684350,Kafka na pobřeží,Haruki Murakami,"Murakami, Haruki",Tomáš Jurkovič,"=""""","=""9788020717900""",5,Odeon,Hardcover,556,2006,2002,2026/04/04,2026/05/10,,,read,,,,1,0
247063930,Osamělý vlk,Jo Nesbø,"Nesbø, Jo",Kateřina Krištůfková,"=""8076629500""","=""9788076629509""",4,Kniha Zlín,Hardcover,392,2025,2025,2026/03/27,2026/05/10,,,read,,,,1,0
232862550,"Král (Pokrevní pouta, #2)",Jo Nesbø,"Nesbø, Jo",Kateřina Krištůfková,"=""807662830X""","=""9788076628304""",5,Kniha Zlín,Hardcover,432,2025,2024,2026/02/22,2026/05/10,,,read,,,,1,0
52578297,"The Midnight Library (The Midnight World, #1)",Matt Haig,"Haig, Matt",,"=""0525559477""","=""9780525559474""",4,Viking,Hardcover,288,2020,2020,2026/04/10,2026/05/10,,,read,,,,1,0
8564646,"Andělé a Démoni (Robert Langdon, #1)",Dan    Brown,"Brown, Dan",Michala Marková,"=""802570128X""","=""9788025701287""",5,Argo,Hardcover,463,2009,2000,2026/03/26,2026/05/10,,,read,,,,1,0
17210183,Gaidžin,James Clavell,"Clavell, James",,"=""8024225743""","=""9788024225746""",5,"Euromedia Group, k.s.",Hardcover,958,2009,1993,2026/01/13,2026/05/10,,,read,,,,1,0
8691936,Kmotr Mrázek,Jaroslav Kmenta,"Kmenta, Jaroslav",,"=""8090360319""","=""9788090360310""",0,Kmenta,,176,2007,2007,,2026/05/10,,,read,,,,1,0
36347211,Boss Babiš,Jaroslav Kmenta,"Kmenta, Jaroslav",,"=""""","=""9788087569320""",0,JKM - Jaroslav Kmenta,Hardcover,352,2017,2017,,2026/05/10,,,read,,,,1,0
10315964,Hovory s TGM,Karel Čapek,"Čapek, Karel",Josef Čapek,"=""""","=""""",0,Československý spisovatel,Hardcover,303,1969,1929,,2026/05/10,,,read,,,,1,0
1740200,Ilias,Homer,"Homer, Homer",,"=""3150002494""","=""9783150002490""",0,Reclam Philipp Jun.,Paperback,429,1979,-800,,2026/05/10,,,read,,,Read in CZ language,1,0
35525245,Tyranie: 20 lekcí z 20. století,Timothy Snyder,"Snyder, Timothy",Martin Pokorný,"=""8074328392""","=""9788074328398""",0,Prostor,ebook,110,2017,2017,,2026/05/10,,,read,,,,1,0
45485203,"Cesta k nesvobodě: Rusko, Evropa, Amerika",Timothy Snyder,"Snyder, Timothy",Martin Pokorný,"=""807432981X""","=""9788074329814""",0,Paseka / Prostor,Hardcover,360,2019,2018,,2026/05/10,,,read,,,,1,0
29079067,"Zaklínač, Kniha 2: Liščí děti",Paul Tobin,"Tobin, Paul","Joe Querio, Martina D. Antonín","=""""","=""9788074493621""",0,Crew,Paperback,136,2016,2015,,2026/05/10,,,read,,,,1,0
25341442,"Zaklínač, Kniha 1: Skleněný dům",Paul Tobin,"Tobin, Paul","Joe Querio, Martina D. Antonín","=""""","=""9788074493003""",0,Crew ,Paperback,120,2015,2014,,2026/05/10,,,read,,,,1,0
52218084,Donbas: Reportáž z ukrajinského konfliktu,Tomáš Forró,"Forró, Tomáš",Ondřej Mrázek,"=""8076370485""","=""9788076370487""",0,Paseka,Paperback,416,2020,2019,,2026/05/10,,,read,,,,1,0
43600468,"Hamlet, králevic dánský",William Shakespeare,"Shakespeare, William",Erik Adolf Saudek,"=""""","=""""",0,Československý spisovatel,Hardcover,200,2018,1601,,2026/05/10,,,read,,,,1,0
59848426,Dech: Nové poznatky o ztraceném umění,James Nestor,"Nestor, James",Alžběta Vargová,"=""""","=""""",0,,Paperback,381,2021,2020,,2026/05/10,,,read,,,,1,0
17903934,Zápisky z Mrtvého domu,Fyodor Dostoevsky,"Dostoevsky, Fyodor",,"=""""","=""""",0,"Státní Nakladatelství Krásné Literatury, Hudby a Umění Praha",Hardcover,344,1958,1862,,2026/05/10,,,read,,,,1,0
15195,The Complete Maus,Art Spiegelman,"Spiegelman, Art",,"=""0141014083""","=""9780141014081""",0,Penguin Books,Paperback,296,2003,1980,,2026/05/10,,,read,,,,1,0
40694303,Proč spíme: Odhalte sílu spánku a snění,Matthew P. Walker,"Walker, Matthew P.",Filip Drlík,"=""8075550501""","=""9788075550507""",0,Jan Melvil publishing,Paperback,416,2018,2017,,2026/05/10,,,read,,,,1,0
40602280,Osudová past: Spojené státy versus Čína a Thúkýdidovo poučení z dějin,Graham Allison,"Allison, Graham",Martin Pokorný,"=""8072603841""","=""9788072603848""",0,Prostor,Paperback,536,2018,2017,,2026/05/10,,,read,,,,1,0
7112577,O myších a lidech,John Steinbeck,"Steinbeck, John",Vladimír Vendyš,"=""""","=""9788072184972""",0,ALL-PRESS,Hardcover,109,2004,1937,,2026/05/10,,,read,,,,1,0
1281677,The Great Escape,Paul Brickhill,"Brickhill, Paul",,"=""0393325792""","=""9780393325799""",0,W. W. Norton & Company,Paperback,304,2004,1950,,2026/05/10,,,read,,,Read in CZ language,1,0
38525514,Drama na lovu,Anton Chekhov,"Chekhov, Anton",Anton Čechov,"=""""","=""""",0,,Unknown Binding,,,1884,,2026/05/10,,,read,,,,1,0
22047261,Muž jménem Ove,Fredrik Backman,"Backman, Fredrik",Jitka Herčíková,"=""""","=""9788074910340""",0,Host,Hardcover,333,2014,2012,,2026/05/10,,,read,,,,1,0
35823815,Opuštěná společnost. Česká cesta od Masaryka po Babiše,Erik Tabery,"Tabery, Erik",,"=""807432849X""","=""9788074328497""",0,Paseka,Paperback,280,2017,2017,,2026/05/10,,,read,,,,1,0
17795018,Černý jestřáb sestřelen: Příběh moderní války,Mark Bowden,"Bowden, Mark",,"=""8020016023""","=""9788020016027""",0,Academia,Paperback,363,2008,1999,,2026/05/10,,,read,,,,1,0
736131,"The Valley of Fear (Sherlock Holmes, #7)",Arthur Conan Doyle,"Doyle, Arthur Conan",David Timson,"=""9626344245""","=""9789626344248""",0,Naxos Audio Books,Audio CD,218,2007,1914,,2026/05/10,,,read,,,Read in cz language,1,0
8921,"The Hound of the Baskervilles (Sherlock Holmes, #5)",Arthur Conan Doyle,"Doyle, Arthur Conan","Anne Perry, Mark Hallaq","=""""","=""""",0,Signet,Mass Market Paperback,256,2001,1902,,2026/05/10,,,read,,,Read in cz language,1,0
25698642,"Poslední poklona Sherlocka Holmese (Příběhy Sherlocka Holmese, #8)",Arthur Conan Doyle,"Doyle, Arthur Conan",,"=""8073902001""","=""9788073902001""",0,Omega,Hardcover,232,2014,1892,,2026/05/10,,,read,,,,1,0
17996961,"Návrat Sherlocka Holmese (Příběhy Sherlocka Holmese, #6)",Arthur Conan Doyle,"Doyle, Arthur Conan",,"=""""","=""""",0,Mladá fronta,Hardcover,296,1973,1904,,2026/05/10,,,read,,,,1,0
7430573,"Studie v šarlatové (Příběhy Sherlocka Holmese, #1)",Arthur Conan Doyle,"Doyle, Arthur Conan",,"=""""","=""""",0,Práce,Paperback,96,1964,1887,,2026/05/10,,,read,,,,1,0
6454699,"Harry Potter a princ dvojí krve (Harry Potter, #6)",J.K. Rowling,"Rowling, J.K.",Pavel Medek,"=""8000018195""","=""9788000018195""",0,Albatros,Hardcover,533,2005,2005,,2026/05/10,,,read,,,,1,0
6492563,Restaurant na konci vesmíru (Stopařův průvodce Galaxií #2),Douglas Adams,"Adams, Douglas","Jana Hollanová, Pavel Růt","=""8025700364""","=""9788025700365""",0,Argo,Paperback,164,2008,1980,,2026/05/10,,,read,,,,1,0
6492539,Stopařův průvodce Galaxií (Stopařův průvodce Galaxií #1),Douglas Adams,"Adams, Douglas","Jana Hollanová, Pavel Růt","=""8072034383""","=""9788072034383""",0,Argo,Paperback,146,2002,1979,,2026/05/10,,,read,,,,1,0
23451779,Rytíř Sedmi království,George R.R. Martin,"Martin, George R.R.",Richard Podaný,"=""8025712648""","=""9788025712641""",0,Argo,Hardcover,276,2014,2015,,2026/05/10,,,read,,,,1,0
34507,"Equal Rites (Discworld, #3; Witches, #1)",Terry Pratchett,"Pratchett, Terry",,"=""0060855908""","=""9780060855901""",0,First Harper ,Paperback,228,2005,1987,,2026/05/10,,,read,,,,1,0
34499,"Sourcery (Discworld, #5; Rincewind, #3)",Terry Pratchett,"Pratchett, Terry",,"=""0061020672""","=""9780061020674""",0,Harper,Mass Market Paperback,276,2008,1988,,2026/05/10,,,read,,,,1,0
9286271,Revizor,Nikolai Gogol,"Gogol, Nikolai",Nikolaj Gogolj,"=""8676092087""","=""9788676092086""",0,Mladinska knjiga,Paperback,237,2011,1835,,2026/05/10,,,read,,,,1,0
50712512,Článek II.,Jiří Šimáček,"Šimáček, Jiří",Ján Lastomírsky,"=""8072274325""","=""9788072274321""",0,Druhé město,Hardcover,140,2020,,,2026/05/10,,,read,,,,0,0
6509741,Smrt krásných srnců,Ota Pavel,"Pavel, Ota",,"=""8086631176""","=""9788086631172""",0,Sláfka,Hardcover,104,2004,1971,,2026/05/10,,,read,,,,0,0
4369030,Hovory s Janem Masarykem (Hlas) (Czech Edition),Viktor Fischl,"Fischl, Viktor",,"=""8085281422""","=""9788085281422""",0,Riopress,Unknown Binding,119,1996,1991,,2026/05/10,,,read,,,,0,0
4074496,Norské dřevo,Haruki Murakami,"Murakami, Haruki","Tomáš Jurkovič, Klára Macúchová","=""8020711937""","=""9788020711939""",0,Odeon,Hardcover,304,2005,1987,,2026/05/10,,,read,,,,0,0
9579491,Jeden den Ivana Děnisoviče,Aleksandr Solzhenitsyn,"Solzhenitsyn, Aleksandr","Alexandr Solženicyn, Sergej Machonin, Anna Nováková","=""8020008349""","=""9788020008343""",0,Academia,Hardcover,310,2000,1962,,2026/05/10,,,read,,,,0,0
6710247,Bílá nemoc,Karel Čapek,"Čapek, Karel",,"=""""","=""""",0,,Unknown Binding,,,1936,,2026/05/10,,,read,,,,0,0
4885552,Povídky z druhé kapsy,Karel Čapek,"Čapek, Karel",,"=""8025305171""","=""9788025305171""",0,Fragment,Paperback,131,2007,1929,,2026/05/10,,,read,,,,0,0
4885540,Povídky z jedné kapsy,Karel Čapek,"Čapek, Karel",,"=""8025305163""","=""9788025305164""",0,Fragment,Paperback,152,2007,1929,,2026/05/10,,,read,,,,0,0
59721964,Proces,Franz Kafka,"Kafka, Franz",Bruno Schulz,"=""""","=""""",0,Agora,Hardcover,185,2004,1925,,2026/05/10,,,read,,,,0,0
7614997,Zámek,Franz Kafka,"Kafka, Franz",Vladimír Kafka,"=""8085844303""","=""9788085844306""",0,Nakladatelství Franze Kafky,Hardcover,416,1997,1926,,2026/05/10,,,read,,,,0,0
22248146,Proměna a jiné povídky,Franz Kafka,"Kafka, Franz",,"=""808739108X""","=""9788087391082""",0,Československý spisovatel,Hardcover,229,2009,1915,,2026/05/10,,,read,,,,0,0
3055089,Kytice,Karel Jaromír Erben,"Erben, Karel Jaromír",,"=""8086138305""","=""9788086138305""",0,,,162,,1853,,2026/05/10,,,read,,,,0,0
17885032,Jak zaujmout hned napoprvé,Chip Heath,"Heath, Chip",Dan Heath,"=""802491316X""","=""9788024913162""",0,Ikar,Hardcover,280,2009,2006,,2026/05/10,,,read,,,,0,0
6527448,Zbabělci,Josef Škvorecký,"Škvorecký, Josef",,"=""8086938050""","=""""",0,Euromedia Group,Hardcover,384,2005,1958,,2026/05/10,,,read,,,,0,0
9739096,Cizinec,Albert Camus,"Camus, Albert",Miloslav Žilina,"=""8086379949""","=""9788086379944""",0,Garamond,Hardcover,124,2005,1942,,2026/05/10,,,read,,,,0,0
48807336,Rudý Zeman,Jaroslav Kmenta,"Kmenta, Jaroslav",,"=""8087569350""","=""9788087569351""",0,JKM - Jaroslav Kmenta,Hardcover,470,2019,2019,,2026/05/10,,,read,,,,0,0
42866104,Jak umírá demokracie,Steven Levitsky,"Levitsky, Steven","Daniel Ziblatt, Jaroslav Veis","=""8072603949""","=""9788072603947""",0,Prostor,Paperback,336,2018,2018,,2026/05/10,,,read,,,,0,0
22674433,Zločin a trest,Fyodor Dostoevsky,"Dostoevsky, Fyodor","F.M. Dostojevskij, Jaroslav Hulák, Jozef Baláž","=""""","=""""",0,Svět sovětů,Hardcover,518,1966,1866,,2026/05/10,,,read,,,,0,0
146081872,"The 5 Love Languages Series 5 books set (The 5 Love Languages, The 5 Love Languages for Men, The 5 Love Languages of Teenagers, 5 Love Languages Of Children, A Teen's Guide to the 5 Love Languages) By Gary Chapman Paperback",Gary Chapman,"Chapman, Gary",,"=""""","=""""",0,Generic,Paperback,1075,,,,2026/05/10,,,read,,,,0,0
37458994,Severská mytologie,Neil Gaiman,"Gaiman, Neil",Viola Somogyi,"=""8025723704""","=""9788025723708""",0,Argo,ebook,256,2017,2017,,2026/05/10,,,read,,,,0,0
39893586,100x TGM,Pavel Kosatík,"Kosatík, Pavel",,"=""""","=""""",0,,Unknown Binding,,,2017,,2026/05/10,,,read,,,,0,0
8486992,Sto roků samoty,Gabriel García Márquez,"Márquez, Gabriel García",Vladimír Medek,"=""8020712151""","=""""",0,Odeon,Hardcover,318,2006,1967,,2026/05/10,,,read,,,,0,0
18588185,Nevolnost,Jean-Paul Sartre,"Sartre, Jean-Paul",,"=""""","=""""",0,Odeon,Paperback,188,1993,1938,,2026/05/10,,,read,,,,0,0
12274824,Zeď,Jean-Paul Sartre,"Sartre, Jean-Paul",,"=""""","=""""",0,KMa,Hardcover,157,2003,1939,,2026/05/10,,,read,,,,0,0
17364941,Tajuplný ostrov,Jules Verne,"Verne, Jules",Václav Netušil,"=""""","=""""",0,Albatros,Hardcover,492,1978,1875,,2026/05/10,,,read,,,,0,0
23556496,Americký sniper,Chris Kyle,"Kyle, Chris","Scott McEwen, Jim DeFelice","=""8026401085""","=""9788026401087""",0,"Computer Press, a.s.",Paperback,400,2012,2012,,2026/05/10,,,read,,,,0,0
52499427,Rozpojené státy - Amerika nejen televizní kamerou,Martin Řezníček,"Řezníček, Martin",,"=""8025731030""","=""9788025731031""",0,Argo,Paperback,304,2020,,,2026/05/10,,,read,,,,0,0
61439040,1984,George Orwell,"Orwell, George",Thomas Pynchon,"=""0452284236""","=""9780452284234""",0,Plume,Paperback,368,2022,1948,,2026/05/10,,,read,,,,0,0
7805108,Tahle země není pro starý,Cormac McCarthy,"McCarthy, Cormac",David Petrů,"=""""","=""""",0,Argo,Hardcover,202,2007,2005,,2026/05/10,,,read,,,,0,0
58955471,Nebeští jezdci,Filip Jánský,"Jánský, Filip",,"=""""","=""""",0,,Unknown Binding,,,,,2026/05/10,,,read,,,,0,0
31806819,V lese visí anděl,Samuel Bjørk,"Bjørk, Samuel",Eva Dohnálková,"=""8025904342""","=""9788025904343""",0,Plus,ebook,384,2015,2013,,2026/05/10,,,read,,,,0,0
22034,"The Godfather (The Godfather, #1)",Mario Puzo,"Puzo, Mario","Robert Thompson, Peter Bart","=""""","=""""",0,NAL,Paperback,428,2002,1969,,2026/05/10,,,read,,,,0,0
11814434,Žert,Milan Kundera,"Kundera, Milan",,"=""""","=""9788071082873""",0,,Hardcover,350,,1967,,2026/05/10,,,read,,,,0,0
5956028,Nesnesitelná lehkost bytí,Milan Kundera,"Kundera, Milan",,"=""8071082813""","=""9788071082811""",0,Atlantis,Hardcover,341,2006,1984,,2026/05/10,,,read,,,,0,0
147193,Život je jinde,Milan Kundera,"Kundera, Milan",,"=""0887810691""","=""9780887810695""",0,Sixty-Eight Publishers,Hardcover,368,1979,1973,,2026/05/10,,,read,,,,0,0
17998717,Noc v Lisabonu,Erich Maria Remarque,"Remarque, Erich Maria",,"=""8020604006""","=""9788020604002""",0,Naše vojsko,Hardcover,156,2001,1961,,2026/05/10,,,read,,,,0,0
22432755,Jiskra života,Erich Maria Remarque,"Remarque, Erich Maria",Věra Houbová,"=""8024910721""","=""9788024910727""",0,Ikar,Hardcover,368,2008,1952,,2026/05/10,,,read,,,,0,0
6605764,Osvícení,Stephen  King,"King, Stephen","Ivan Němeček, Petr Bauer","=""8085601583""","=""9788085601589""",0,Laser,Hardcover,404,1993,1977,,2026/05/10,,,read,,,,0,0
8248062,"Dívka, která kopla do vosího hnízda (Milénium, #3)",Stieg Larsson,"Larsson, Stieg",,"=""8072943480""","=""9788072943487""",0,Host,Hardcover,688,2010,2007,,2026/05/10,,,read,,,,0,0
7808980,"Dívka, která si hrála s ohněm  (Milénium, #2)",Stieg Larsson,"Larsson, Stieg",Azita Haidarová,"=""8072943219""","=""9788072943210""",0,Host,Hardcover,608,2009,2006,,2026/05/10,,,read,,,,0,0
7808957,"Muži, kteří nenávidí ženy (Milénium, #1)",Stieg Larsson,"Larsson, Stieg",Azita Haidarová,"=""8072942875""","=""9788072942879""",0,Host,Hardcover,530,2008,2005,,2026/05/10,,,read,,,,0,0
18372925,Žena v kleci,Jussi Adler-Olsen,"Adler-Olsen, Jussi",Kristina Václavů,"=""""","=""9788072946624""",0,Host,Paperback,408,2012,2007,,2026/05/10,,,read,,,,0,0
141191148,Zatmění,Jo Nesbø,"Nesbø, Jo",Kateřina Krištůfková,"=""8076624754""","=""9788076624757""",0,Kniha Zlín,Hardcover,544,2023,2022,,2026/05/10,,,read,,,,0,0
53122884,"Nůž (Harry Hole, #12)",Jo Nesbø,"Nesbø, Jo",,"=""""","=""""",0,Kniha Zlín,Unknown Binding,584,2019,2019,,2026/05/10,,,read,,,,0,0
28594688,"Žízeň (Harry Hole, #11)",Jo Nesbø,"Nesbø, Jo",Kateřina Krištůfková,"=""8074735338""","=""9788074735332""",0,KNIHA ZLIN,Hardcover,597,2017,2017,,2026/05/10,,,read,,,,0,0
24580607,"Policie (Harry Hole, #10)",Jo Nesbø,"Nesbø, Jo",Kateřina Krištůfková,"=""8074732703""","=""9788074732706""",0,KNIHA ZLIN,Hardcover,607,2015,2013,,2026/05/10,,,read,,,,0,0
22669982,Přízrak (Harry Hole #9),Jo Nesbø,"Nesbø, Jo",Kateřina Krištůfková,"=""8074732215""","=""9788074732218""",0,Kniha Zlín,Hardcover,515,2014,2011,,2026/05/10,,,read,,,,0,0
18525414,Levhart (Harry Hole #8),Jo Nesbø,"Nesbø, Jo",Kateřina Krištůfková,"=""8087497716""","=""9788087497715""",0,Kniha Zlín,Hardcover,722,2013,2009,,2026/05/10,,,read,,,,0,0
15787521,"Sněhulák (Harry Hole, #7)",Jo Nesbø,"Nesbø, Jo",Kateřina Krištůfková,"=""8087497457""","=""9788087497456""",0,Kniha Zlín,Hardcover,500,2012,2007,,2026/05/10,,,read,,,,0,0
13485637,"Spasitel (Harry Hole, #6)",Jo Nesbø,"Nesbø, Jo",Kateřina Krištůfková,"=""8087497082""","=""9788087497081""",0,Kniha Zlín,Hardcover,526,2012,2005,,2026/05/10,,,read,,,,0,0
10058900,"Pentagram (Harry Hole, #5)",Jo Nesbø,"Nesbø, Jo",Iwona Zimnicka,"=""8324589945""","=""9788324589944""",0,Wydawnictwo Dolnośląskie,Paperback,376,2010,2003,,2026/05/10,,,read,,,,0,0
6979826,"Nemesis (Harry Hole, #4)",Jo Nesbø,"Nesbø, Jo",Don Bartlett,"=""0061655511""","=""9780061655517""",0,Harper Perennial,Paperback,474,2010,2002,,2026/05/10,,,read,,,,0,0
20553047,"Červenka (Harry Hole, #3)",Jo Nesbø,"Nesbø, Jo","Kateřina Krištůfková, Lucie Mrázová","=""""","=""""",0,Kniha Zlín,Hardcover,578,2014,2000,,2026/05/10,,,read,,,,0,0
6454721,"Harry Potter a relikvie smrti (Harry Potter, #7)",J.K. Rowling,"Rowling, J.K.","Pavel Medek, J.K. Rowlingová","=""8000021226""","=""9788000021225""",0,Albatros,Hardcover,627,2008,2007,,2026/05/10,,,read,,,,0,0
6454644,"Harry Potter a Fénixův řád (Harry Potter, #5)",J.K. Rowling,"Rowling, J.K.","Pavel Medek, J.K. Rowlingová","=""8000012944""","=""9788000012940""",0,Albatros,Hardcover,800,2004,2003,,2026/05/10,,,read,,,,0,0
6454669,"Harry Potter a Ohnivý pohár (Harry Potter, #4)",J.K. Rowling,"Rowling, J.K.","Vladimír Medek, J.K. Rowlingová","=""8000009943""","=""9788000009940""",0,Albatros,Hardcover,571,2001,2000,,2026/05/10,,,read,,,,0,0
294519,"Harry Potter a vězeň z Azkabanu (Harry Potter, #3)",J.K. Rowling,"Rowling, J.K.","Pavel Medek, J.K. Rowlingová","=""800000951X""","=""9788000009513""",0,Albatros Praha,Hardcover,389,2001,1999,,2026/05/10,,,read,,,,0,0
6454728,"Harry Potter a Tajemná komnata (Harry Potter, #2)",J.K. Rowling,"Rowling, J.K.",J.K. Rowlingová,"=""8000010410""","=""9788000010410""",0,Albatros,Hardcover,290,2002,1998,,2026/05/10,,,read,,,,0,0
6454654,"Harry Potter a Kámen mudrců (Harry Potter, #1)",J.K. Rowling,"Rowling, J.K.","Vladimír Medek, Galina Miklínová, J.K. Rowlingová","=""8000007886""","=""9788000007885""",0,Albatros,Hardcover,285,2000,1997,,2026/05/10,,,read,,,,0,0
386372,"Mort (Discworld, #4; Death, #1)",Terry Pratchett,"Pratchett, Terry",,"=""0061020680""","=""9780061020681""",0,Harpertorch,Mass Market Paperback,243,2001,1987,,2026/05/10,,,read,,,,0,0
6496852,"Soudné sestry (Úžasná Zeměplocha, #6; Čarodějky, #2)",Terry Pratchett,"Pratchett, Terry",Jan Kantůrek,"=""8085609681""","=""9788085609684""",0,Talpress,Paperback,330,1996,1988,,2026/05/10,,,read,,,,0,0
6495218,"Lehké fantastično (Úžasná Zeměplocha, #2)",Terry Pratchett,"Pratchett, Terry",Jan Kantůrek,"=""8085609290""","=""9788085609295""",0,Talpress,Paperback,271,1996,1986,,2026/05/10,,,read,,,,0,0
6495199,"Barva kouzel (Úžasná Zeměplocha, #1; Mrakoplaš, #1)",Terry Pratchett,"Pratchett, Terry",Jan Kantůrek,"=""8085609282""","=""9788085609288""",0,Talpress,Paperback,292,1993,1983,,2026/05/10,,,read,,,,0,0
6288724,Hobit,J.R.R. Tolkien,"Tolkien, J.R.R.",,"=""8675600038""","=""9788675600039""",0,Solaris,Paperback,361,2002,1937,,2026/05/10,,,read,,,,0,0
4506507,"Návrat krále (Pán prstenů, #3)",J.R.R. Tolkien,"Tolkien, J.R.R.",Stanislava Pošustová-Menšíková,"=""8020402594""","=""9788020402592""",0,Mladá Fronta,Hardcover,410,1992,1955,,2026/05/10,,,read,,,,0,0
4506493,"Dvě věže (Pán prstenů, #2)",J.R.R. Tolkien,"Tolkien, J.R.R.",Stanislava Pošustová-Menšíková,"=""8020401946""","=""9788020401946""",0,Mladá fronta,Hardcover,316,1991,1954,,2026/05/10,,,read,,,,0,0
36624194,"Pán prstenů (Pán prstenů, #1-3)",J.R.R. Tolkien,"Tolkien, J.R.R.",,"=""8025718638""","=""9788025718636""",0,Argo,Paperback,1266,2016,1959,,2026/05/10,,,read,,,,0,0
23505783,Bouřková sezóna,Andrzej Sapkowski,"Sapkowski, Andrzej",Stanislav Komárek,"=""8074770508""","=""9788074770500""",0,Leonardo,Paperback,368,2014,2013,,2026/05/10,,,read,,,,0,0
6821429,"Paní jezera (Zaklínač, #7)",Andrzej Sapkowski,"Sapkowski, Andrzej",Stanislav Komárek,"=""8085951193""","=""9788085951196""",0,Leonardo,Paperback,561,2000,1999,,2026/05/10,,,read,,,,0,0
6821410,"Věž vlaštovky (Zaklínač, #6)",Andrzej Sapkowski,"Sapkowski, Andrzej",Stanislav Komárek,"=""808595107X""","=""9788085951073""",0,Leonardo,Paperback,433,1998,1997,,2026/05/10,,,read,,,,0,0
6821374,"Křest ohněm (Zaklínač, #5)",Andrzej Sapkowski,"Sapkowski, Andrzej",Stanislav Komárek,"=""8085951118""","=""9788085951110""",0,Leonardo,Paperback,342,1999,1996,,2026/05/10,,,read,,,,0,0
6821368,"Čas opovržení (Zaklínač, #4)",Andrzej Sapkowski,"Sapkowski, Andrzej",Stanislav Komárek,"=""8085951088""","=""9788085951080""",0,Leonardo,Paperback,330,1998,1995,,2026/05/10,,,read,,,,0,0
6821358,"Krev elfů (Zaklínač, #3)",Andrzej Sapkowski,"Sapkowski, Andrzej",Stanislav Komárek,"=""8085951053""","=""9788085951059""",0,Leonardo,Paperback,306,1998,1994,,2026/05/10,,,read,,,,0,0
12664659,"Meč osudu (Zaklínač, #2)",Andrzej Sapkowski,"Sapkowski, Andrzej",,"=""8085951665""","=""9788085951660""",0,Leonardo,Paperback,394,2011,1992,,2026/05/10,,,read,,,,0,0
12664642,"Poslední přání (Zaklínač, #1)",Andrzej Sapkowski,"Sapkowski, Andrzej",,"=""""","=""9788085951653""",0,Leonardo,Paperback,342,2011,1993,,2026/05/10,,,read,,,,0,0
59644096,"Černá píseň (Raven's Blade, #2)",Anthony Ryan,"Ryan, Anthony",Jakub Němeček,"=""""","=""""",0,Host,Hardcover,557,2021,2020,,2026/05/10,,,read,,,,0,0
56140648,"Volání vlka (Raven's Blade, #1)",Anthony Ryan,"Ryan, Anthony",Jakub Němeček,"=""8027503361""","=""9788027503360""",0,Host,Hardcover,560,2020,2019,,2026/05/10,,,read,,,,0,0
28090579,"Pán věže (Stín krkavce, #2)",Anthony Ryan,"Ryan, Anthony",Jakub Kalina,"=""""","=""9788074915093""",0,Host,Hardcover,672,2015,2014,,2026/05/10,,,read,,,,0,0
23593209,"Píseň krve (Stín krkavce, #1)",Anthony Ryan,"Ryan, Anthony",Jakub Kalina,"=""""","=""9788074911736""",0,Host,Hardcover,624,2014,2011,,2026/05/10,,,read,,,,0,0
15706995,"Tanec s draky (Píseň ledu a ohně, #5)",George R.R. Martin,"Martin, George R.R.",Hana Březáková,"=""8071974471""","=""9788071974475""",0,Talpress,Hardcover,1184,2012,2011,,2026/05/10,,,read,,,,0,0
14896965,"Hostina pro vrány (Píseň ledu a ohně, #4)",George R.R. Martin,"Martin, George R.R.",Hana Březáková,"=""""","=""""",0,Talpress,Hardcover,864,2012,2005,,2026/05/10,,,read,,,,0,0
13086379,"Bouře mečů (Píseň ledu a ohně, #3)",George R.R. Martin,"Martin, George R.R.",Hana Březáková,"=""8071974366""","=""9788071974369""",0,Talpress,Hardcover,1198,2011,2000,,2026/05/10,,,read,,,,0,0
12422394,"Střet králů (Píseň ledu a ohně, #2)",George R.R. Martin,"Martin, George R.R.",Hana Březáková,"=""807197434X""","=""9788071974345""",0,Talpress,Hardcover,944,2011,1998,,2026/05/10,,,read,,,,0,0
12351903,"Hra o trůny (Píseň ledu a ohně, #1)",George R.R. Martin,"Martin, George R.R.",Hana Březáková,"=""8071974129""","=""9788071974123""",0,Talpress,Hardcover,848,2011,1996,,2026/05/10,,,read,,,,0,0
21324349,"Valour (The Faithful and the Fallen, #2)",John Gwynne,"Gwynne, John",,"=""0230771432""","=""""",0,Pan,Kindle Edition,673,2014,2014,,2026/05/09,currently-reading,currently-reading (#1),currently-reading,,,,1,0
63251772,"The Traitor (Covenant of Steel, #3)",Anthony Ryan,"Ryan, Anthony",,"=""0316430838""","=""9780316430838""",5,Orbit,Paperback,576,2023,2023,2026/05/10,2026/05/09,,,read,,,,1,0
36402034,Do Androids Dream of Electric Sheep?,Philip K. Dick,"Dick, Philip K.",,"=""""","=""""",4,Ballantine Books,ebook,258,2008,1968,2026/04/28,2026/05/09,,,read,,,,1,0
55888522,Putinovi trollové,Jessikka Aro,"Aro, Jessikka",Lenka Fárová,"=""8090792219""","=""9788090792210""",0,N media,Paperback,384,2020,2019,,2026/05/09,did-not-finish,did-not-finish (#7),did-not-finish,,,,0,0
58489188,Babišovo Palermo I,Jaroslav Kmenta,"Kmenta, Jaroslav",,"=""8087569431""","=""9788087569436""",0,JKM,Hardcover,380,2021,2021,,2026/05/09,did-not-finish,did-not-finish (#6),did-not-finish,,,,0,0
55727355,Pandemie,Michal Kubal,"Kubal, Michal",Vojtěch Gibiš,"=""807662097X""","=""9788076620971""",0,Kniha Zlín,ebook,648,2020,,,2026/05/09,did-not-finish,did-not-finish (#5),did-not-finish,,,,0,0
6562917,"Mein Kampf: Adolf Hitler's Totalitarian Vision—Essential Lessons in Vigilance, Responsibility, and Opposing Evil",Adolf Hitler,"Hitler, Adolf","Abraham Foxman, Ralph Manheim","=""""","=""""",0,Harper,Kindle Edition,722,,1925,,2026/05/09,did-not-finish,did-not-finish (#4),did-not-finish,,,,0,0
41458506,Chaos: Vznik nové vědy,James Gleick,"Gleick, James","Jaroslav Sedlář, Renata Kamenická","=""8086047040""","=""""",0,Ando Publishing,Paperback,352,1996,1987,,2026/05/09,did-not-finish,did-not-finish (#3),did-not-finish,,,,0,0
55019161,"The Da Vinci Code (Robert Langdon, #2)",Dan    Brown,"Brown, Dan",,"=""""","=""""",0,Anchor,Paperback,480,2020,2003,,2026/05/09,to-read,to-read (#2),to-read,,,,0,0
17179731,Stručná historie času,Stephen W. Hawking,"Hawking, Stephen W.",,"=""807363144X""","=""9788073631444""",0,"Argo, Dokořán",Hardcover,204,2007,1988,,2026/05/09,did-not-finish,did-not-finish (#2),did-not-finish,,,,0,0
7802574,"Měsíční zahrady (Malazská Kniha padlých, #1)",Steven Erikson,"Erikson, Steven",Dana Krejčová,"=""8071973289""","=""9788071973287""",0,Talpress,Paperback,576,2008,1999,,2026/05/09,did-not-finish,did-not-finish (#1),did-not-finish,,,,0,0
204593499,"A Tide of Black Steel (Age of Wrath, #1)",Anthony Ryan,"Ryan, Anthony",,"=""0316574589""","=""9780316574587""",0,Orbit,Paperback,560,2024,2024,,2026/05/09,to-read,to-read (#1),to-read,,,,0,0
